{
  "1": {
    "id": 1,
    "evolveLevel": 0,
    "min": -0.21978021978022,
    "max": 0.21978021978022,
    "granularity": 0.0001,
    "type": 0,
    "percentNum": 10,
    "percent0": 0,
    "percent1": 0,
    "percent2": 0,
    "percent3": 1000,
    "percent4": 1000,
    "percent5": 1000,
    "percent6": 1000,
    "percent7": 1000,
    "percent8": 1000,
    "percent9": 1000
  },
  "2": {
    "id": 2,
    "evolveLevel": 20,
    "min": -0.108991825613079,
    "max": 0.108991825613079,
    "granularity": 0.0001,
    "type": 0,
    "percentNum": 10,
    "percent0": 1000,
    "percent1": 1000,
    "percent2": 1000,
    "percent3": 1000,
    "percent4": 1000,
    "percent5": 1000,
    "percent6": 1000,
    "percent7": 1000,
    "percent8": 1000,
    "percent9": 1000
  },
  "3": {
    "id": 3,
    "evolveLevel": 40,
    "min": -0.0718132854578097,
    "max": 0.0718132854578097,
    "granularity": 0.0001,
    "type": 0,
    "percentNum": 10,
    "percent0": 1000,
    "percent1": 1000,
    "percent2": 1000,
    "percent3": 1000,
    "percent4": 1000,
    "percent5": 1000,
    "percent6": 1000,
    "percent7": 1000,
    "percent8": 1000,
    "percent9": 1000
  },
  "4": {
    "id": 4,
    "evolveLevel": 60,
    "min": -0.0529100529100529,
    "max": 0.0529100529100529,
    "granularity": 0.0001,
    "type": 0,
    "percentNum": 10,
    "percent0": 1000,
    "percent1": 1000,
    "percent2": 1000,
    "percent3": 1000,
    "percent4": 1000,
    "percent5": 1000,
    "percent6": 1000,
    "percent7": 1000,
    "percent8": 1000,
    "percent9": 1000
  },
  "5": {
    "id": 5,
    "evolveLevel": 80,
    "min": -0.041407867494824,
    "max": 0.041407867494824,
    "granularity": 0.0001,
    "type": 0,
    "percentNum": 10,
    "percent0": 1000,
    "percent1": 1000,
    "percent2": 1000,
    "percent3": 1000,
    "percent4": 1000,
    "percent5": 1000,
    "percent6": 1000,
    "percent7": 1000,
    "percent8": 1000,
    "percent9": 1000
  },
  "6": {
    "id": 6,
    "evolveLevel": 100,
    "min": -0.0336134453781513,
    "max": 0.0336134453781513,
    "granularity": 0.0001,
    "type": 0,
    "percentNum": 10,
    "percent0": 1000,
    "percent1": 1000,
    "percent2": 1000,
    "percent3": 1000,
    "percent4": 1000,
    "percent5": 1000,
    "percent6": 1000,
    "percent7": 1000,
    "percent8": 1000,
    "percent9": 1000
  },
  "7": {
    "id": 7,
    "evolveLevel": 110,
    "min": -0.0279524807826695,
    "max": 0.0279524807826695,
    "granularity": 0.0001,
    "type": 0,
    "percentNum": 10,
    "percent0": 1000,
    "percent1": 1000,
    "percent2": 1000,
    "percent3": 1000,
    "percent4": 1000,
    "percent5": 1000,
    "percent6": 1000,
    "percent7": 1000,
    "percent8": 1000,
    "percent9": 1000
  },
  "8": {
    "id": 8,
    "evolveLevel": 120,
    "min": -0.0236546422235364,
    "max": 0.0236546422235364,
    "granularity": 0.0001,
    "type": 0,
    "percentNum": 10,
    "percent0": 1000,
    "percent1": 1000,
    "percent2": 1000,
    "percent3": 1000,
    "percent4": 1000,
    "percent5": 1000,
    "percent6": 1000,
    "percent7": 1000,
    "percent8": 1000,
    "percent9": 1000
  },
  "9": {
    "id": 9,
    "evolveLevel": 130,
    "min": -0.0202634245187437,
    "max": 0.0202634245187437,
    "granularity": 0.0001,
    "type": 0,
    "percentNum": 10,
    "percent0": 1000,
    "percent1": 1000,
    "percent2": 1000,
    "percent3": 1000,
    "percent4": 1000,
    "percent5": 1000,
    "percent6": 1000,
    "percent7": 1000,
    "percent8": 1000,
    "percent9": 1000
  },
  "10": {
    "id": 10,
    "evolveLevel": 140,
    "min": -0.0175284837861525,
    "max": 0.0175284837861525,
    "granularity": 0.0001,
    "type": 0,
    "percentNum": 10,
    "percent0": 1000,
    "percent1": 1000,
    "percent2": 1000,
    "percent3": 1000,
    "percent4": 1000,
    "percent5": 1000,
    "percent6": 1000,
    "percent7": 1000,
    "percent8": 1000,
    "percent9": 1000
  },
  "11": {
    "id": 11,
    "evolveLevel": 150,
    "min": -0.0152788388082506,
    "max": 0.0152788388082506,
    "granularity": 0.0001,
    "type": 0,
    "percentNum": 10,
    "percent0": 1000,
    "percent1": 1000,
    "percent2": 1000,
    "percent3": 1000,
    "percent4": 1000,
    "percent5": 1000,
    "percent6": 1000,
    "percent7": 1000,
    "percent8": 1000,
    "percent9": 1000
  },
  "12": {
    "id": 12,
    "evolveLevel": 160,
    "min": -0.0134003350083752,
    "max": 0.0134003350083752,
    "granularity": 0.0001,
    "type": 0,
    "percentNum": 10,
    "percent0": 1000,
    "percent1": 1000,
    "percent2": 1000,
    "percent3": 1000,
    "percent4": 1000,
    "percent5": 1000,
    "percent6": 1000,
    "percent7": 1000,
    "percent8": 1000,
    "percent9": 1000
  },
  "13": {
    "id": 13,
    "evolveLevel": 170,
    "min": -0.0118168389955687,
    "max": 0.0118168389955687,
    "granularity": 0.0001,
    "type": 0,
    "percentNum": 10,
    "percent0": 1000,
    "percent1": 1000,
    "percent2": 1000,
    "percent3": 1000,
    "percent4": 1000,
    "percent5": 1000,
    "percent6": 1000,
    "percent7": 1000,
    "percent8": 1000,
    "percent9": 1000
  },
  "14": {
    "id": 14,
    "evolveLevel": 180,
    "min": -0.0104629871828407,
    "max": 0.0104629871828407,
    "granularity": 0.0001,
    "type": 0,
    "percentNum": 10,
    "percent0": 1000,
    "percent1": 1000,
    "percent2": 1000,
    "percent3": 1000,
    "percent4": 1000,
    "percent5": 1000,
    "percent6": 1000,
    "percent7": 1000,
    "percent8": 1000,
    "percent9": 1000
  },
  "15": {
    "id": 15,
    "evolveLevel": 190,
    "min": -0.00928505106778087,
    "max": 0.00928505106778087,
    "granularity": 0.0001,
    "type": 0,
    "percentNum": 10,
    "percent0": 1000,
    "percent1": 1000,
    "percent2": 1000,
    "percent3": 1000,
    "percent4": 1000,
    "percent5": 1000,
    "percent6": 1000,
    "percent7": 1000,
    "percent8": 1000,
    "percent9": 1000
  },
  "16": {
    "id": 16,
    "evolveLevel": 200,
    "min": -0.00825082508250825,
    "max": 0.00825082508250825,
    "granularity": 0.0001,
    "type": 0,
    "percentNum": 10,
    "percent0": 1000,
    "percent1": 1000,
    "percent2": 1000,
    "percent3": 1000,
    "percent4": 1000,
    "percent5": 1000,
    "percent6": 1000,
    "percent7": 1000,
    "percent8": 1000,
    "percent9": 1000
  },
  "17": {
    "id": 17,
    "evolveLevel": 210,
    "min": -0.00825082508250825,
    "max": 0.00825082508250825,
    "granularity": 0.0001,
    "type": 0,
    "percentNum": 10,
    "percent0": 1000,
    "percent1": 1000,
    "percent2": 1000,
    "percent3": 1000,
    "percent4": 1000,
    "percent5": 1000,
    "percent6": 1000,
    "percent7": 1000,
    "percent8": 1000,
    "percent9": 1000
  },
  "18": {
    "id": 18,
    "evolveLevel": 220,
    "min": -0.00825082508250825,
    "max": 0.00825082508250825,
    "granularity": 0.0001,
    "type": 0,
    "percentNum": 10,
    "percent0": 1000,
    "percent1": 1000,
    "percent2": 1000,
    "percent3": 1000,
    "percent4": 1000,
    "percent5": 1000,
    "percent6": 1000,
    "percent7": 1000,
    "percent8": 1000,
    "percent9": 1000
  },
  "19": {
    "id": 19,
    "evolveLevel": 230,
    "min": -0.00825082508250825,
    "max": 0.00825082508250825,
    "granularity": 0.0001,
    "type": 0,
    "percentNum": 10,
    "percent0": 1000,
    "percent1": 1000,
    "percent2": 1000,
    "percent3": 1000,
    "percent4": 1000,
    "percent5": 1000,
    "percent6": 1000,
    "percent7": 1000,
    "percent8": 1000,
    "percent9": 1000
  },
  "20": {
    "id": 20,
    "evolveLevel": 240,
    "min": -0.00825082508250825,
    "max": 0.00825082508250825,
    "granularity": 0.0001,
    "type": 0,
    "percentNum": 10,
    "percent0": 1000,
    "percent1": 1000,
    "percent2": 1000,
    "percent3": 1000,
    "percent4": 1000,
    "percent5": 1000,
    "percent6": 1000,
    "percent7": 1000,
    "percent8": 1000,
    "percent9": 1000
  },
  "21": {
    "id": 21,
    "evolveLevel": 250,